hardware_platform,compiler,threads_num,directive_name,overhead,benchmark_class
ARCHER2,AOCC 2.1,1,PARALLEL TASK,0.0594,Task
ARCHER2,AOCC 2.1,1,MASTER TASK,0.0593,Task
ARCHER2,AOCC 2.1,1,MASTER TASK BUSY SLAVES,0.0594,Task
ARCHER2,AOCC 2.1,1,CONDITIONAL TASK,0.0444,Task
ARCHER2,AOCC 2.1,1,TASK WAIT,0.0621,Task
ARCHER2,AOCC 2.1,1,TASK BARRIER,0.0667,Task
ARCHER2,AOCC 2.1,1,NESTED TASK,0.1285,Task
ARCHER2,AOCC 2.1,1,NESTED MASTER TASK,0.1057,Task
ARCHER2,AOCC 2.1,1,BRANCH TASK TREE,0.0654,Task
ARCHER2,AOCC 2.1,1,LEAF TASK TREE,0.0603,Task
hardware_platform,compiler,threads_num,directive_name,overhead,Task
ARCHER2,AOCC 2.1,128,PARALLEL TASK,60.504,Task
ARCHER2,AOCC 2.1,128,MASTER TASK,845.6616,Task
ARCHER2,AOCC 2.1,128,MASTER TASK BUSY SLAVES,42.6706,Task
ARCHER2,AOCC 2.1,128,CONDITIONAL TASK,0.8496,Task
ARCHER2,AOCC 2.1,128,TASK WAIT,34.5242,Task
ARCHER2,AOCC 2.1,128,TASK BARRIER,727.4611,Task
ARCHER2,AOCC 2.1,128,NESTED TASK,3.8275,Task
ARCHER2,AOCC 2.1,128,NESTED MASTER TASK,40.446,Task
ARCHER2,AOCC 2.1,128,BRANCH TASK TREE,1.7461,Task
ARCHER2,AOCC 2.1,128,LEAF TASK TREE,0.9835,Task
hardware_platform,compiler,threads_num,directive_name,overhead,Task
ARCHER2,AOCC 2.1,16,PARALLEL TASK,3.0522,Task
ARCHER2,AOCC 2.1,16,MASTER TASK,23.039,Task
ARCHER2,AOCC 2.1,16,MASTER TASK BUSY SLAVES,0.7059,Task
ARCHER2,AOCC 2.1,16,CONDITIONAL TASK,0.1384,Task
ARCHER2,AOCC 2.1,16,TASK WAIT,0.3237,Task
ARCHER2,AOCC 2.1,16,TASK BARRIER,16.2448,Task
ARCHER2,AOCC 2.1,16,NESTED TASK,0.6723,Task
ARCHER2,AOCC 2.1,16,NESTED MASTER TASK,1.0225,Task
ARCHER2,AOCC 2.1,16,BRANCH TASK TREE,0.3582,Task
ARCHER2,AOCC 2.1,16,LEAF TASK TREE,0.3329,Task
hardware_platform,compiler,threads_num,directive_name,overhead,Task
ARCHER2,AOCC 2.1,2,PARALLEL TASK,0.0795,Task
ARCHER2,AOCC 2.1,2,MASTER TASK,0.2166,Task
ARCHER2,AOCC 2.1,2,MASTER TASK BUSY SLAVES,0.0698,Task
ARCHER2,AOCC 2.1,2,CONDITIONAL TASK,0.0575,Task
ARCHER2,AOCC 2.1,2,TASK WAIT,0.146,Task
ARCHER2,AOCC 2.1,2,TASK BARRIER,0.7054,Task
ARCHER2,AOCC 2.1,2,NESTED TASK,0.1662,Task
ARCHER2,AOCC 2.1,2,NESTED MASTER TASK,0.3104,Task
ARCHER2,AOCC 2.1,2,BRANCH TASK TREE,0.3252,Task
ARCHER2,AOCC 2.1,2,LEAF TASK TREE,0.3166,Task
hardware_platform,compiler,threads_num,directive_name,overhead,Task
ARCHER2,AOCC 2.1,32,PARALLEL TASK,16.781,Task
ARCHER2,AOCC 2.1,32,MASTER TASK,72.5064,Task
ARCHER2,AOCC 2.1,32,MASTER TASK BUSY SLAVES,0.938,Task
ARCHER2,AOCC 2.1,32,CONDITIONAL TASK,0.4721,Task
ARCHER2,AOCC 2.1,32,TASK WAIT,2.1807,Task
ARCHER2,AOCC 2.1,32,TASK BARRIER,228.4175,Task
ARCHER2,AOCC 2.1,32,NESTED TASK,0.9238,Task
ARCHER2,AOCC 2.1,32,NESTED MASTER TASK,1.1743,Task
ARCHER2,AOCC 2.1,32,BRANCH TASK TREE,0.3974,Task
ARCHER2,AOCC 2.1,32,LEAF TASK TREE,0.3845,Task
hardware_platform,compiler,threads_num,directive_name,overhead,Task
ARCHER2,AOCC 2.1,4,PARALLEL TASK,0.079,Task
ARCHER2,AOCC 2.1,4,MASTER TASK,1.4554,Task
ARCHER2,AOCC 2.1,4,MASTER TASK BUSY SLAVES,0.1567,Task
ARCHER2,AOCC 2.1,4,CONDITIONAL TASK,0.0581,Task
ARCHER2,AOCC 2.1,4,TASK WAIT,0.1453,Task
ARCHER2,AOCC 2.1,4,TASK BARRIER,1.0975,Task
ARCHER2,AOCC 2.1,4,NESTED TASK,0.2252,Task
ARCHER2,AOCC 2.1,4,NESTED MASTER TASK,0.3228,Task
ARCHER2,AOCC 2.1,4,BRANCH TASK TREE,0.3289,Task
ARCHER2,AOCC 2.1,4,LEAF TASK TREE,0.3208,Task
hardware_platform,compiler,threads_num,directive_name,overhead,Task
ARCHER2,AOCC 2.1,64,PARALLEL TASK,37.9233,Task
ARCHER2,AOCC 2.1,64,MASTER TASK,171.264,Task
ARCHER2,AOCC 2.1,64,MASTER TASK BUSY SLAVES,23.2204,Task
ARCHER2,AOCC 2.1,64,CONDITIONAL TASK,0.6065,Task
ARCHER2,AOCC 2.1,64,TASK WAIT,6.7735,Task
ARCHER2,AOCC 2.1,64,TASK BARRIER,441.6429,Task
ARCHER2,AOCC 2.1,64,NESTED TASK,1.0496,Task
ARCHER2,AOCC 2.1,64,NESTED MASTER TASK,1.7483,Task
ARCHER2,AOCC 2.1,64,BRANCH TASK TREE,0.8611,Task
ARCHER2,AOCC 2.1,64,LEAF TASK TREE,0.5049,Task
hardware_platform,compiler,threads_num,directive_name,overhead,Task
ARCHER2,AOCC 2.1,8,PARALLEL TASK,0.1171,Task
ARCHER2,AOCC 2.1,8,MASTER TASK,6.6936,Task
ARCHER2,AOCC 2.1,8,MASTER TASK BUSY SLAVES,0.3702,Task
ARCHER2,AOCC 2.1,8,CONDITIONAL TASK,0.0719,Task
ARCHER2,AOCC 2.1,8,TASK WAIT,0.1972,Task
ARCHER2,AOCC 2.1,8,TASK BARRIER,2.2939,Task
ARCHER2,AOCC 2.1,8,NESTED TASK,0.6239,Task
ARCHER2,AOCC 2.1,8,NESTED MASTER TASK,0.4775,Task
ARCHER2,AOCC 2.1,8,BRANCH TASK TREE,0.3903,Task
ARCHER2,AOCC 2.1,8,LEAF TASK TREE,0.3395,Task
hardware_platform,compiler,threads_num,directive_name,overhead,Task
ARCHER2,Cray 10.0,1,PARALLEL TASK,0.0562,Task
ARCHER2,Cray 10.0,1,MASTER TASK,0.0559,Task
ARCHER2,Cray 10.0,1,MASTER TASK BUSY SLAVES,0.0559,Task
ARCHER2,Cray 10.0,1,CONDITIONAL TASK,0.0536,Task
ARCHER2,Cray 10.0,1,TASK WAIT,0.061,Task
ARCHER2,Cray 10.0,1,TASK BARRIER,0.0594,Task
ARCHER2,Cray 10.0,1,NESTED TASK,0.1054,Task
ARCHER2,Cray 10.0,1,NESTED MASTER TASK,0.1027,Task
ARCHER2,Cray 10.0,1,BRANCH TASK TREE,0.0602,Task
ARCHER2,Cray 10.0,1,LEAF TASK TREE,0.0537,Task
hardware_platform,compiler,threads_num,directive_name,overhead,Task
ARCHER2,Cray 10.0,128,PARALLEL TASK,10.3187,Task
ARCHER2,Cray 10.0,128,MASTER TASK,140.2449,Task
ARCHER2,Cray 10.0,128,MASTER TASK BUSY SLAVES,0.9075,Task
ARCHER2,Cray 10.0,128,CONDITIONAL TASK,0.1024,Task
ARCHER2,Cray 10.0,128,TASK WAIT,8.3284,Task
ARCHER2,Cray 10.0,128,TASK BARRIER,19.6565,Task
ARCHER2,Cray 10.0,128,NESTED TASK,1.5397,Task
ARCHER2,Cray 10.0,128,NESTED MASTER TASK,21.7632,Task
ARCHER2,Cray 10.0,128,BRANCH TASK TREE,8.4882,Task
ARCHER2,Cray 10.0,128,LEAF TASK TREE,8.3565,Task
hardware_platform,compiler,threads_num,directive_name,overhead,Task
ARCHER2,Cray 10.0,16,PARALLEL TASK,3.2625,Task
ARCHER2,Cray 10.0,16,MASTER TASK,18.4493,Task
ARCHER2,Cray 10.0,16,MASTER TASK BUSY SLAVES,0.7734,Task
ARCHER2,Cray 10.0,16,CONDITIONAL TASK,0.0594,Task
ARCHER2,Cray 10.0,16,TASK WAIT,2.0511,Task
ARCHER2,Cray 10.0,16,TASK BARRIER,5.5515,Task
ARCHER2,Cray 10.0,16,NESTED TASK,3.2557,Task
ARCHER2,Cray 10.0,16,NESTED MASTER TASK,6.7438,Task
ARCHER2,Cray 10.0,16,BRANCH TASK TREE,3.3383,Task
ARCHER2,Cray 10.0,16,LEAF TASK TREE,3.2985,Task
hardware_platform,compiler,threads_num,directive_name,overhead,Task
ARCHER2,Cray 10.0,2,PARALLEL TASK,0.0736,Task
ARCHER2,Cray 10.0,2,MASTER TASK,0.8192,Task
ARCHER2,Cray 10.0,2,MASTER TASK BUSY SLAVES,0.1729,Task
ARCHER2,Cray 10.0,2,CONDITIONAL TASK,0.0577,Task
ARCHER2,Cray 10.0,2,TASK WAIT,0.211,Task
ARCHER2,Cray 10.0,2,TASK BARRIER,0.618,Task
ARCHER2,Cray 10.0,2,NESTED TASK,0.1208,Task
ARCHER2,Cray 10.0,2,NESTED MASTER TASK,0.6593,Task
ARCHER2,Cray 10.0,2,BRANCH TASK TREE,0.3362,Task
ARCHER2,Cray 10.0,2,LEAF TASK TREE,0.3394,Task
hardware_platform,compiler,threads_num,directive_name,overhead,Task
ARCHER2,Cray 10.0,32,PARALLEL TASK,3.9123,Task
ARCHER2,Cray 10.0,32,MASTER TASK,37.5983,Task
ARCHER2,Cray 10.0,32,MASTER TASK BUSY SLAVES,0.9,Task
ARCHER2,Cray 10.0,32,CONDITIONAL TASK,0.0602,Task
ARCHER2,Cray 10.0,32,TASK WAIT,4.0234,Task
ARCHER2,Cray 10.0,32,TASK BARRIER,7.8834,Task
ARCHER2,Cray 10.0,32,NESTED TASK,3.0863,Task
ARCHER2,Cray 10.0,32,NESTED MASTER TASK,8.1742,Task
ARCHER2,Cray 10.0,32,BRANCH TASK TREE,4.0426,Task
ARCHER2,Cray 10.0,32,LEAF TASK TREE,4.0031,Task
hardware_platform,compiler,threads_num,directive_name,overhead,Task
ARCHER2,Cray 10.0,4,PARALLEL TASK,0.0812,Task
ARCHER2,Cray 10.0,4,MASTER TASK,3.4382,Task
ARCHER2,Cray 10.0,4,MASTER TASK BUSY SLAVES,0.5078,Task
ARCHER2,Cray 10.0,4,CONDITIONAL TASK,0.0581,Task
ARCHER2,Cray 10.0,4,TASK WAIT,0.5635,Task
ARCHER2,Cray 10.0,4,TASK BARRIER,1.0745,Task
ARCHER2,Cray 10.0,4,NESTED TASK,0.4231,Task
ARCHER2,Cray 10.0,4,NESTED MASTER TASK,1.5045,Task
ARCHER2,Cray 10.0,4,BRANCH TASK TREE,0.7897,Task
ARCHER2,Cray 10.0,4,LEAF TASK TREE,0.7846,Task
hardware_platform,compiler,threads_num,directive_name,overhead,Task
ARCHER2,Cray 10.0,64,PARALLEL TASK,6.1723,Task
ARCHER2,Cray 10.0,64,MASTER TASK,75.4387,Task
ARCHER2,Cray 10.0,64,MASTER TASK BUSY SLAVES,0.9379,Task
ARCHER2,Cray 10.0,64,CONDITIONAL TASK,0.0505,Task
ARCHER2,Cray 10.0,64,TASK WAIT,6.6699,Task
ARCHER2,Cray 10.0,64,TASK BARRIER,14.1588,Task
ARCHER2,Cray 10.0,64,NESTED TASK,2.1347,Task
ARCHER2,Cray 10.0,64,NESTED MASTER TASK,12.3958,Task
ARCHER2,Cray 10.0,64,BRANCH TASK TREE,6.2378,Task
ARCHER2,Cray 10.0,64,LEAF TASK TREE,5.7092,Task
hardware_platform,compiler,threads_num,directive_name,overhead,Task
ARCHER2,Cray 10.0,8,PARALLEL TASK,0.0861,Task
ARCHER2,Cray 10.0,8,MASTER TASK,8.1423,Task
ARCHER2,Cray 10.0,8,MASTER TASK BUSY SLAVES,0.6507,Task
ARCHER2,Cray 10.0,8,CONDITIONAL TASK,0.0613,Task
ARCHER2,Cray 10.0,8,TASK WAIT,1.0332,Task
ARCHER2,Cray 10.0,8,TASK BARRIER,1.7516,Task
ARCHER2,Cray 10.0,8,NESTED TASK,1.4171,Task
ARCHER2,Cray 10.0,8,NESTED MASTER TASK,3.0974,Task
ARCHER2,Cray 10.0,8,BRANCH TASK TREE,1.6222,Task
ARCHER2,Cray 10.0,8,LEAF TASK TREE,1.6029,Task
hardware_platform,compiler,threads_num,directive_name,overhead,Task
ARCHER2,GNU 10.1,1,PARALLEL TASK,0.0072,Task
ARCHER2,GNU 10.1,1,MASTER TASK,0.007,Task
ARCHER2,GNU 10.1,1,MASTER TASK BUSY SLAVES,0.0074,Task
ARCHER2,GNU 10.1,1,CONDITIONAL TASK,0.0085,Task
ARCHER2,GNU 10.1,1,TASK WAIT,0.0625,Task
ARCHER2,GNU 10.1,1,TASK BARRIER,0.1834,Task
ARCHER2,GNU 10.1,1,NESTED TASK,0.0307,Task
ARCHER2,GNU 10.1,1,NESTED MASTER TASK,0.0306,Task
ARCHER2,GNU 10.1,1,BRANCH TASK TREE,0.0204,Task
ARCHER2,GNU 10.1,1,LEAF TASK TREE,0.0172,Task
hardware_platform,compiler,threads_num,directive_name,overhead,Task
ARCHER2,GNU 10.1,128,PARALLEL TASK,581.0347,Task
ARCHER2,GNU 10.1,128,MASTER TASK,489.2289,Task
ARCHER2,GNU 10.1,128,MASTER TASK BUSY SLAVES,4.6413,Task
ARCHER2,GNU 10.1,128,CONDITIONAL TASK,0.0572,Task
ARCHER2,GNU 10.1,128,TASK WAIT,736.5115,Task
ARCHER2,GNU 10.1,128,TASK BARRIER,940.9204,Task
ARCHER2,GNU 10.1,128,NESTED TASK,216.7292,Task
ARCHER2,GNU 10.1,128,NESTED MASTER TASK,442.3934,Task
ARCHER2,GNU 10.1,128,BRANCH TASK TREE,166.294,Task
ARCHER2,GNU 10.1,128,LEAF TASK TREE,164.1527,Task
hardware_platform,compiler,threads_num,directive_name,overhead,Task
ARCHER2,GNU 10.1,16,PARALLEL TASK,29.1858,Task
ARCHER2,GNU 10.1,16,MASTER TASK,16.7218,Task
ARCHER2,GNU 10.1,16,MASTER TASK BUSY SLAVES,0.8946,Task
ARCHER2,GNU 10.1,16,CONDITIONAL TASK,0.0414,Task
ARCHER2,GNU 10.1,16,TASK WAIT,24.297,Task
ARCHER2,GNU 10.1,16,TASK BARRIER,28.7764,Task
ARCHER2,GNU 10.1,16,NESTED TASK,14.2359,Task
ARCHER2,GNU 10.1,16,NESTED MASTER TASK,14.3272,Task
ARCHER2,GNU 10.1,16,BRANCH TASK TREE,12.3111,Task
ARCHER2,GNU 10.1,16,LEAF TASK TREE,12.0447,Task
hardware_platform,compiler,threads_num,directive_name,overhead,Task
ARCHER2,GNU 10.1,2,PARALLEL TASK,0.0114,Task
ARCHER2,GNU 10.1,2,MASTER TASK,0.3366,Task
ARCHER2,GNU 10.1,2,MASTER TASK BUSY SLAVES,0.0207,Task
ARCHER2,GNU 10.1,2,CONDITIONAL TASK,0.0095,Task
ARCHER2,GNU 10.1,2,TASK WAIT,0.3425,Task
ARCHER2,GNU 10.1,2,TASK BARRIER,0.5717,Task
ARCHER2,GNU 10.1,2,NESTED TASK,0.0285,Task
ARCHER2,GNU 10.1,2,NESTED MASTER TASK,0.3405,Task
ARCHER2,GNU 10.1,2,BRANCH TASK TREE,0.0631,Task
ARCHER2,GNU 10.1,2,LEAF TASK TREE,0.0607,Task
hardware_platform,compiler,threads_num,directive_name,overhead,Task
ARCHER2,GNU 10.1,32,PARALLEL TASK,69.5616,Task
ARCHER2,GNU 10.1,32,MASTER TASK,67.2492,Task
ARCHER2,GNU 10.1,32,MASTER TASK BUSY SLAVES,1.5837,Task
ARCHER2,GNU 10.1,32,CONDITIONAL TASK,0.0415,Task
ARCHER2,GNU 10.1,32,TASK WAIT,67.8033,Task
ARCHER2,GNU 10.1,32,TASK BARRIER,83.7682,Task
ARCHER2,GNU 10.1,32,NESTED TASK,30.6859,Task
ARCHER2,GNU 10.1,32,NESTED MASTER TASK,37.9227,Task
ARCHER2,GNU 10.1,32,BRANCH TASK TREE,28.2509,Task
ARCHER2,GNU 10.1,32,LEAF TASK TREE,28.0177,Task
hardware_platform,compiler,threads_num,directive_name,overhead,Task
ARCHER2,GNU 10.1,4,PARALLEL TASK,0.0344,Task
ARCHER2,GNU 10.1,4,MASTER TASK,1.9691,Task
ARCHER2,GNU 10.1,4,MASTER TASK BUSY SLAVES,0.0477,Task
ARCHER2,GNU 10.1,4,CONDITIONAL TASK,0.011,Task
ARCHER2,GNU 10.1,4,TASK WAIT,1.5636,Task
ARCHER2,GNU 10.1,4,TASK BARRIER,1.9407,Task
ARCHER2,GNU 10.1,4,NESTED TASK,0.0572,Task
ARCHER2,GNU 10.1,4,NESTED MASTER TASK,1.0208,Task
ARCHER2,GNU 10.1,4,BRANCH TASK TREE,0.1294,Task
ARCHER2,GNU 10.1,4,LEAF TASK TREE,0.525,Task
hardware_platform,compiler,threads_num,directive_name,overhead,Task
ARCHER2,GNU 10.1,64,PARALLEL TASK,256.838,Task
ARCHER2,GNU 10.1,64,MASTER TASK,206.8523,Task
ARCHER2,GNU 10.1,64,MASTER TASK BUSY SLAVES,2.6295,Task
ARCHER2,GNU 10.1,64,CONDITIONAL TASK,0.039,Task
ARCHER2,GNU 10.1,64,TASK WAIT,227.8937,Task
ARCHER2,GNU 10.1,64,TASK BARRIER,297.1503,Task
ARCHER2,GNU 10.1,64,NESTED TASK,84.4609,Task
ARCHER2,GNU 10.1,64,NESTED MASTER TASK,156.4568,Task
ARCHER2,GNU 10.1,64,BRANCH TASK TREE,69.1491,Task
ARCHER2,GNU 10.1,64,LEAF TASK TREE,68.5851,Task
hardware_platform,compiler,threads_num,directive_name,overhead,Task
ARCHER2,GNU 10.1,8,PARALLEL TASK,0.1776,Task
ARCHER2,GNU 10.1,8,MASTER TASK,7.0236,Task
ARCHER2,GNU 10.1,8,MASTER TASK BUSY SLAVES,0.4786,Task
ARCHER2,GNU 10.1,8,CONDITIONAL TASK,0.0426,Task
ARCHER2,GNU 10.1,8,TASK WAIT,6.484,Task
ARCHER2,GNU 10.1,8,TASK BARRIER,7.6502,Task
ARCHER2,GNU 10.1,8,NESTED TASK,4.4214,Task
ARCHER2,GNU 10.1,8,NESTED MASTER TASK,5.381,Task
ARCHER2,GNU 10.1,8,BRANCH TASK TREE,2.7392,Task
ARCHER2,GNU 10.1,8,LEAF TASK TREE,2.7729,Task
hardware_platform,compiler,threads_num,directive_name,overhead,Task
Cirrus,GNU 6.3,1,PARALLEL TASK,0.0184,Task
Cirrus,GNU 6.3,1,MASTER TASK,0.0186,Task
Cirrus,GNU 6.3,1,MASTER TASK BUSY SLAVES,0.0188,Task
Cirrus,GNU 6.3,1,CONDITIONAL TASK,0.0181,Task
Cirrus,GNU 6.3,1,TASK WAIT,0.102,Task
Cirrus,GNU 6.3,1,TASK BARRIER,0.4311,Task
Cirrus,GNU 6.3,1,NESTED TASK,0.0572,Task
Cirrus,GNU 6.3,1,NESTED MASTER TASK,0.0537,Task
Cirrus,GNU 6.3,1,BRANCH TASK TREE,0.0259,Task
Cirrus,GNU 6.3,1,LEAF TASK TREE,0.0263,Task
hardware_platform,compiler,threads_num,directive_name,overhead,Task
Cirrus,GNU 6.3,16,PARALLEL TASK,24.5375,Task
Cirrus,GNU 6.3,16,MASTER TASK,76.8317,Task
Cirrus,GNU 6.3,16,MASTER TASK BUSY SLAVES,3.8885,Task
Cirrus,GNU 6.3,16,CONDITIONAL TASK,0.0234,Task
Cirrus,GNU 6.3,16,TASK WAIT,39.1889,Task
Cirrus,GNU 6.3,16,TASK BARRIER,59.648,Task
Cirrus,GNU 6.3,16,NESTED TASK,34.5387,Task
Cirrus,GNU 6.3,16,NESTED MASTER TASK,42.0059,Task
Cirrus,GNU 6.3,16,BRANCH TASK TREE,28.9614,Task
Cirrus,GNU 6.3,16,LEAF TASK TREE,27.6731,Task
hardware_platform,compiler,threads_num,directive_name,overhead,Task
Cirrus,GNU 6.3,2,PARALLEL TASK,0.0232,Task
Cirrus,GNU 6.3,2,MASTER TASK,1.0178,Task
Cirrus,GNU 6.3,2,MASTER TASK BUSY SLAVES,0.1093,Task
Cirrus,GNU 6.3,2,CONDITIONAL TASK,0.0181,Task
Cirrus,GNU 6.3,2,TASK WAIT,1.5138,Task
Cirrus,GNU 6.3,2,TASK BARRIER,2.7078,Task
Cirrus,GNU 6.3,2,NESTED TASK,0.0815,Task
Cirrus,GNU 6.3,2,NESTED MASTER TASK,1.2902,Task
Cirrus,GNU 6.3,2,BRANCH TASK TREE,0.4255,Task
Cirrus,GNU 6.3,2,LEAF TASK TREE,0.2511,Task
hardware_platform,compiler,threads_num,directive_name,overhead,Task
Cirrus,GNU 6.3,32,PARALLEL TASK,82.0508,Task
Cirrus,GNU 6.3,32,MASTER TASK,297.4682,Task
Cirrus,GNU 6.3,32,MASTER TASK BUSY SLAVES,8.2321,Task
Cirrus,GNU 6.3,32,CONDITIONAL TASK,0.0832,Task
Cirrus,GNU 6.3,32,TASK WAIT,122.5879,Task
Cirrus,GNU 6.3,32,TASK BARRIER,163.9215,Task
Cirrus,GNU 6.3,32,NESTED TASK,64.783,Task
Cirrus,GNU 6.3,32,NESTED MASTER TASK,126.9362,Task
Cirrus,GNU 6.3,32,BRANCH TASK TREE,66.8886,Task
Cirrus,GNU 6.3,32,LEAF TASK TREE,64.2851,Task
hardware_platform,compiler,threads_num,directive_name,overhead,Task
Cirrus,GNU 6.3,4,PARALLEL TASK,0.0293,Task
Cirrus,GNU 6.3,4,MASTER TASK,5.0473,Task
Cirrus,GNU 6.3,4,MASTER TASK BUSY SLAVES,0.5085,Task
Cirrus,GNU 6.3,4,CONDITIONAL TASK,0.0179,Task
Cirrus,GNU 6.3,4,TASK WAIT,4.8801,Task
Cirrus,GNU 6.3,4,TASK BARRIER,7.9625,Task
Cirrus,GNU 6.3,4,NESTED TASK,5.398,Task
Cirrus,GNU 6.3,4,NESTED MASTER TASK,6.7018,Task
Cirrus,GNU 6.3,4,BRANCH TASK TREE,3.1579,Task
Cirrus,GNU 6.3,4,LEAF TASK TREE,2.8779,Task
hardware_platform,compiler,threads_num,directive_name,overhead,Task
Cirrus,GNU 6.3,8,PARALLEL TASK,0.124,Task
Cirrus,GNU 6.3,8,MASTER TASK,18.4412,Task
Cirrus,GNU 6.3,8,MASTER TASK BUSY SLAVES,1.8636,Task
Cirrus,GNU 6.3,8,CONDITIONAL TASK,0.0182,Task
Cirrus,GNU 6.3,8,TASK WAIT,14.0593,Task
Cirrus,GNU 6.3,8,TASK BARRIER,19.1186,Task
Cirrus,GNU 6.3,8,NESTED TASK,13.3485,Task
Cirrus,GNU 6.3,8,NESTED MASTER TASK,16.0972,Task
Cirrus,GNU 6.3,8,BRANCH TASK TREE,12.4392,Task
Cirrus,GNU 6.3,8,LEAF TASK TREE,11.088,Task
hardware_platform,compiler,threads_num,directive_name,overhead,Task
Cirrus,GNU 8.2,1,PARALLEL TASK,0.0158,Task
Cirrus,GNU 8.2,1,MASTER TASK,0.0159,Task
Cirrus,GNU 8.2,1,MASTER TASK BUSY SLAVES,0.0159,Task
Cirrus,GNU 8.2,1,CONDITIONAL TASK,0.0157,Task
Cirrus,GNU 8.2,1,TASK WAIT,0.0931,Task
Cirrus,GNU 8.2,1,TASK BARRIER,0.4337,Task
Cirrus,GNU 8.2,1,NESTED TASK,0.0529,Task
Cirrus,GNU 8.2,1,NESTED MASTER TASK,0.0498,Task
Cirrus,GNU 8.2,1,BRANCH TASK TREE,0.0258,Task
Cirrus,GNU 8.2,1,LEAF TASK TREE,0.025,Task
hardware_platform,compiler,threads_num,directive_name,overhead,Task
Cirrus,GNU 8.2,16,PARALLEL TASK,24.4403,Task
Cirrus,GNU 8.2,16,MASTER TASK,76.1954,Task
Cirrus,GNU 8.2,16,MASTER TASK BUSY SLAVES,3.7729,Task
Cirrus,GNU 8.2,16,CONDITIONAL TASK,0.0161,Task
Cirrus,GNU 8.2,16,TASK WAIT,43.8648,Task
Cirrus,GNU 8.2,16,TASK BARRIER,64.6413,Task
Cirrus,GNU 8.2,16,NESTED TASK,34.848,Task
Cirrus,GNU 8.2,16,NESTED MASTER TASK,42.5522,Task
Cirrus,GNU 8.2,16,BRANCH TASK TREE,29.1016,Task
Cirrus,GNU 8.2,16,LEAF TASK TREE,27.6934,Task
hardware_platform,compiler,threads_num,directive_name,overhead,Task
Cirrus,GNU 8.2,2,PARALLEL TASK,0.0205,Task
Cirrus,GNU 8.2,2,MASTER TASK,1.2812,Task
Cirrus,GNU 8.2,2,MASTER TASK BUSY SLAVES,0.105,Task
Cirrus,GNU 8.2,2,CONDITIONAL TASK,0.0158,Task
Cirrus,GNU 8.2,2,TASK WAIT,1.795,Task
Cirrus,GNU 8.2,2,TASK BARRIER,2.575,Task
Cirrus,GNU 8.2,2,NESTED TASK,0.0763,Task
Cirrus,GNU 8.2,2,NESTED MASTER TASK,1.3977,Task
Cirrus,GNU 8.2,2,BRANCH TASK TREE,0.4492,Task
Cirrus,GNU 8.2,2,LEAF TASK TREE,0.229,Task
hardware_platform,compiler,threads_num,directive_name,overhead,Task
Cirrus,GNU 8.2,32,PARALLEL TASK,79.8625,Task
Cirrus,GNU 8.2,32,MASTER TASK,289.7091,Task
Cirrus,GNU 8.2,32,MASTER TASK BUSY SLAVES,7.6267,Task
Cirrus,GNU 8.2,32,CONDITIONAL TASK,0.0789,Task
Cirrus,GNU 8.2,32,TASK WAIT,116.8927,Task
Cirrus,GNU 8.2,32,TASK BARRIER,171.157,Task
Cirrus,GNU 8.2,32,NESTED TASK,65.9306,Task
Cirrus,GNU 8.2,32,NESTED MASTER TASK,121.3591,Task
Cirrus,GNU 8.2,32,BRANCH TASK TREE,67.7462,Task
Cirrus,GNU 8.2,32,LEAF TASK TREE,65.1886,Task
hardware_platform,compiler,threads_num,directive_name,overhead,Task
Cirrus,GNU 8.2,4,PARALLEL TASK,0.0278,Task
Cirrus,GNU 8.2,4,MASTER TASK,5.0285,Task
Cirrus,GNU 8.2,4,MASTER TASK BUSY SLAVES,0.484,Task
Cirrus,GNU 8.2,4,CONDITIONAL TASK,0.0158,Task
Cirrus,GNU 8.2,4,TASK WAIT,5.5331,Task
Cirrus,GNU 8.2,4,TASK BARRIER,8.539,Task
Cirrus,GNU 8.2,4,NESTED TASK,5.6153,Task
Cirrus,GNU 8.2,4,NESTED MASTER TASK,6.3818,Task
Cirrus,GNU 8.2,4,BRANCH TASK TREE,3.0425,Task
Cirrus,GNU 8.2,4,LEAF TASK TREE,2.7862,Task
hardware_platform,compiler,threads_num,directive_name,overhead,Task
Cirrus,GNU 8.2,8,PARALLEL TASK,0.1393,Task
Cirrus,GNU 8.2,8,MASTER TASK,17.865,Task
Cirrus,GNU 8.2,8,MASTER TASK BUSY SLAVES,1.7873,Task
Cirrus,GNU 8.2,8,CONDITIONAL TASK,0.0158,Task
Cirrus,GNU 8.2,8,TASK WAIT,13.6694,Task
Cirrus,GNU 8.2,8,TASK BARRIER,19.2893,Task
Cirrus,GNU 8.2,8,NESTED TASK,13.1432,Task
Cirrus,GNU 8.2,8,NESTED MASTER TASK,16.0151,Task
Cirrus,GNU 8.2,8,BRANCH TASK TREE,12.6351,Task
Cirrus,GNU 8.2,8,LEAF TASK TREE,11.4446,Task
hardware_platform,compiler,threads_num,directive_name,overhead,Task
Cirrus,Intel 18.0,1,PARALLEL TASK,0.0637,Task
Cirrus,Intel 18.0,1,MASTER TASK,0.0643,Task
Cirrus,Intel 18.0,1,MASTER TASK BUSY SLAVES,0.0636,Task
Cirrus,Intel 18.0,1,CONDITIONAL TASK,0.0482,Task
Cirrus,Intel 18.0,1,TASK WAIT,0.0693,Task
Cirrus,Intel 18.0,1,TASK BARRIER,0.0746,Task
Cirrus,Intel 18.0,1,NESTED TASK,0.1535,Task
Cirrus,Intel 18.0,1,NESTED MASTER TASK,0.1377,Task
Cirrus,Intel 18.0,1,BRANCH TASK TREE,0.0774,Task
Cirrus,Intel 18.0,1,LEAF TASK TREE,0.0756,Task
hardware_platform,compiler,threads_num,directive_name,overhead,Task
Cirrus,Intel 18.0,16,PARALLEL TASK,0.3148,Task
Cirrus,Intel 18.0,16,MASTER TASK,22.9032,Task
Cirrus,Intel 18.0,16,MASTER TASK BUSY SLAVES,0.7044,Task
Cirrus,Intel 18.0,16,CONDITIONAL TASK,0.0649,Task
Cirrus,Intel 18.0,16,TASK WAIT,0.2196,Task
Cirrus,Intel 18.0,16,TASK BARRIER,7.8025,Task
Cirrus,Intel 18.0,16,NESTED TASK,0.6195,Task
Cirrus,Intel 18.0,16,NESTED MASTER TASK,0.759,Task
Cirrus,Intel 18.0,16,BRANCH TASK TREE,0.6966,Task
Cirrus,Intel 18.0,16,LEAF TASK TREE,0.6565,Task
hardware_platform,compiler,threads_num,directive_name,overhead,Task
Cirrus,Intel 18.0,2,PARALLEL TASK,0.0941,Task
Cirrus,Intel 18.0,2,MASTER TASK,0.3835,Task
Cirrus,Intel 18.0,2,MASTER TASK BUSY SLAVES,0.1074,Task
Cirrus,Intel 18.0,2,CONDITIONAL TASK,0.0667,Task
Cirrus,Intel 18.0,2,TASK WAIT,0.1701,Task
Cirrus,Intel 18.0,2,TASK BARRIER,2.3227,Task
Cirrus,Intel 18.0,2,NESTED TASK,0.2183,Task
Cirrus,Intel 18.0,2,NESTED MASTER TASK,0.6064,Task
Cirrus,Intel 18.0,2,BRANCH TASK TREE,0.6621,Task
Cirrus,Intel 18.0,2,LEAF TASK TREE,0.6651,Task
hardware_platform,compiler,threads_num,directive_name,overhead,Task
Cirrus,Intel 18.0,32,PARALLEL TASK,0.2655,Task
Cirrus,Intel 18.0,32,MASTER TASK,47.877,Task
Cirrus,Intel 18.0,32,MASTER TASK BUSY SLAVES,0.9071,Task
Cirrus,Intel 18.0,32,CONDITIONAL TASK,0.154,Task
Cirrus,Intel 18.0,32,TASK WAIT,0.4251,Task
Cirrus,Intel 18.0,32,TASK BARRIER,15.0023,Task
Cirrus,Intel 18.0,32,NESTED TASK,0.9427,Task
Cirrus,Intel 18.0,32,NESTED MASTER TASK,0.9597,Task
Cirrus,Intel 18.0,32,BRANCH TASK TREE,0.8831,Task
Cirrus,Intel 18.0,32,LEAF TASK TREE,0.8606,Task
hardware_platform,compiler,threads_num,directive_name,overhead,Task
Cirrus,Intel 18.0,4,PARALLEL TASK,0.0962,Task
Cirrus,Intel 18.0,4,MASTER TASK,2.3705,Task
Cirrus,Intel 18.0,4,MASTER TASK BUSY SLAVES,0.2695,Task
Cirrus,Intel 18.0,4,CONDITIONAL TASK,0.0701,Task
Cirrus,Intel 18.0,4,TASK WAIT,0.1867,Task
Cirrus,Intel 18.0,4,TASK BARRIER,3.1949,Task
Cirrus,Intel 18.0,4,NESTED TASK,0.2498,Task
Cirrus,Intel 18.0,4,NESTED MASTER TASK,0.8293,Task
Cirrus,Intel 18.0,4,BRANCH TASK TREE,0.6891,Task
Cirrus,Intel 18.0,4,LEAF TASK TREE,0.6726,Task
hardware_platform,compiler,threads_num,directive_name,overhead,Task
Cirrus,Intel 18.0,8,PARALLEL TASK,0.1007,Task
Cirrus,Intel 18.0,8,MASTER TASK,7.7956,Task
Cirrus,Intel 18.0,8,MASTER TASK BUSY SLAVES,0.4441,Task
Cirrus,Intel 18.0,8,CONDITIONAL TASK,0.0737,Task
Cirrus,Intel 18.0,8,TASK WAIT,0.195,Task
Cirrus,Intel 18.0,8,TASK BARRIER,3.8819,Task
Cirrus,Intel 18.0,8,NESTED TASK,0.5734,Task
Cirrus,Intel 18.0,8,NESTED MASTER TASK,0.7728,Task
Cirrus,Intel 18.0,8,BRANCH TASK TREE,0.6649,Task
Cirrus,Intel 18.0,8,LEAF TASK TREE,0.6648,Task
hardware_platform,compiler,threads_num,directive_name,overhead,Task
Cirrus,Intel 19.0,1,PARALLEL TASK,0.064,Task
Cirrus,Intel 19.0,1,MASTER TASK,0.064,Task
Cirrus,Intel 19.0,1,MASTER TASK BUSY SLAVES,0.0635,Task
Cirrus,Intel 19.0,1,CONDITIONAL TASK,0.0477,Task
Cirrus,Intel 19.0,1,TASK WAIT,0.0694,Task
Cirrus,Intel 19.0,1,TASK BARRIER,0.0761,Task
Cirrus,Intel 19.0,1,NESTED TASK,0.1541,Task
Cirrus,Intel 19.0,1,NESTED MASTER TASK,0.138,Task
Cirrus,Intel 19.0,1,BRANCH TASK TREE,0.0776,Task
Cirrus,Intel 19.0,1,LEAF TASK TREE,0.0767,Task
hardware_platform,compiler,threads_num,directive_name,overhead,Task
Cirrus,Intel 19.0,16,PARALLEL TASK,0.2272,Task
Cirrus,Intel 19.0,16,MASTER TASK,22.9821,Task
Cirrus,Intel 19.0,16,MASTER TASK BUSY SLAVES,0.6923,Task
Cirrus,Intel 19.0,16,CONDITIONAL TASK,0.0623,Task
Cirrus,Intel 19.0,16,TASK WAIT,0.2043,Task
Cirrus,Intel 19.0,16,TASK BARRIER,7.2284,Task
Cirrus,Intel 19.0,16,NESTED TASK,0.7251,Task
Cirrus,Intel 19.0,16,NESTED MASTER TASK,0.758,Task
Cirrus,Intel 19.0,16,BRANCH TASK TREE,0.6678,Task
Cirrus,Intel 19.0,16,LEAF TASK TREE,0.6437,Task
hardware_platform,compiler,threads_num,directive_name,overhead,Task
Cirrus,Intel 19.0,2,PARALLEL TASK,0.0934,Task
Cirrus,Intel 19.0,2,MASTER TASK,0.3907,Task
Cirrus,Intel 19.0,2,MASTER TASK BUSY SLAVES,0.1108,Task
Cirrus,Intel 19.0,2,CONDITIONAL TASK,0.065,Task
Cirrus,Intel 19.0,2,TASK WAIT,0.1713,Task
Cirrus,Intel 19.0,2,TASK BARRIER,2.2797,Task
Cirrus,Intel 19.0,2,NESTED TASK,0.211,Task
Cirrus,Intel 19.0,2,NESTED MASTER TASK,0.6176,Task
Cirrus,Intel 19.0,2,BRANCH TASK TREE,0.6715,Task
Cirrus,Intel 19.0,2,LEAF TASK TREE,0.653,Task
hardware_platform,compiler,threads_num,directive_name,overhead,Task
Cirrus,Intel 19.0,32,PARALLEL TASK,0.2441,Task
Cirrus,Intel 19.0,32,MASTER TASK,47.4681,Task
Cirrus,Intel 19.0,32,MASTER TASK BUSY SLAVES,0.9268,Task
Cirrus,Intel 19.0,32,CONDITIONAL TASK,0.1611,Task
Cirrus,Intel 19.0,32,TASK WAIT,0.4367,Task
Cirrus,Intel 19.0,32,TASK BARRIER,15.9568,Task
Cirrus,Intel 19.0,32,NESTED TASK,0.9465,Task
Cirrus,Intel 19.0,32,NESTED MASTER TASK,1.023,Task
Cirrus,Intel 19.0,32,BRANCH TASK TREE,0.8805,Task
Cirrus,Intel 19.0,32,LEAF TASK TREE,0.8609,Task
hardware_platform,compiler,threads_num,directive_name,overhead,Task
Cirrus,Intel 19.0,4,PARALLEL TASK,0.0963,Task
Cirrus,Intel 19.0,4,MASTER TASK,2.4294,Task
Cirrus,Intel 19.0,4,MASTER TASK BUSY SLAVES,0.2788,Task
Cirrus,Intel 19.0,4,CONDITIONAL TASK,0.0664,Task
Cirrus,Intel 19.0,4,TASK WAIT,0.1871,Task
Cirrus,Intel 19.0,4,TASK BARRIER,3.2424,Task
Cirrus,Intel 19.0,4,NESTED TASK,0.2515,Task
Cirrus,Intel 19.0,4,NESTED MASTER TASK,0.8187,Task
Cirrus,Intel 19.0,4,BRANCH TASK TREE,0.6854,Task
Cirrus,Intel 19.0,4,LEAF TASK TREE,0.6731,Task
hardware_platform,compiler,threads_num,directive_name,overhead,Task
Cirrus,Intel 19.0,8,PARALLEL TASK,0.098,Task
Cirrus,Intel 19.0,8,MASTER TASK,7.8316,Task
Cirrus,Intel 19.0,8,MASTER TASK BUSY SLAVES,0.4453,Task
Cirrus,Intel 19.0,8,CONDITIONAL TASK,0.0662,Task
Cirrus,Intel 19.0,8,TASK WAIT,0.1921,Task
Cirrus,Intel 19.0,8,TASK BARRIER,4.2557,Task
Cirrus,Intel 19.0,8,NESTED TASK,0.5454,Task
Cirrus,Intel 19.0,8,NESTED MASTER TASK,0.7762,Task
Cirrus,Intel 19.0,8,BRANCH TASK TREE,0.711,Task
Cirrus,Intel 19.0,8,LEAF TASK TREE,0.6987,Task
hardware_platform,compiler,threads_num,directive_name,overhead,Task
Fulhame,ARM 20.0,1,PARALLEL TASK,0.1709,Task
Fulhame,ARM 20.0,1,MASTER TASK,0.1766,Task
Fulhame,ARM 20.0,1,MASTER TASK BUSY SLAVES,0.1804,Task
Fulhame,ARM 20.0,1,CONDITIONAL TASK,0.1465,Task
Fulhame,ARM 20.0,1,TASK WAIT,0.1761,Task
Fulhame,ARM 20.0,1,TASK BARRIER,0.1808,Task
Fulhame,ARM 20.0,1,NESTED TASK,0.4449,Task
Fulhame,ARM 20.0,1,NESTED MASTER TASK,0.3077,Task
Fulhame,ARM 20.0,1,BRANCH TASK TREE,0.1893,Task
Fulhame,ARM 20.0,1,LEAF TASK TREE,0.1539,Task
hardware_platform,compiler,threads_num,directive_name,overhead,Task
Fulhame,ARM 20.0,16,PARALLEL TASK,1.9536,Task
Fulhame,ARM 20.0,16,MASTER TASK,58.8823,Task
Fulhame,ARM 20.0,16,MASTER TASK BUSY SLAVES,2.7241,Task
Fulhame,ARM 20.0,16,CONDITIONAL TASK,0.1874,Task
Fulhame,ARM 20.0,16,TASK WAIT,0.6525,Task
Fulhame,ARM 20.0,16,TASK BARRIER,8.0792,Task
Fulhame,ARM 20.0,16,NESTED TASK,3.1923,Task
Fulhame,ARM 20.0,16,NESTED MASTER TASK,1.779,Task
Fulhame,ARM 20.0,16,BRANCH TASK TREE,1.7278,Task
Fulhame,ARM 20.0,16,LEAF TASK TREE,1.7208,Task
hardware_platform,compiler,threads_num,directive_name,overhead,Task
Fulhame,ARM 20.0,2,PARALLEL TASK,0.3129,Task
Fulhame,ARM 20.0,2,MASTER TASK,0.746,Task
Fulhame,ARM 20.0,2,MASTER TASK BUSY SLAVES,0.3077,Task
Fulhame,ARM 20.0,2,CONDITIONAL TASK,0.1832,Task
Fulhame,ARM 20.0,2,TASK WAIT,0.3855,Task
Fulhame,ARM 20.0,2,TASK BARRIER,3.7206,Task
Fulhame,ARM 20.0,2,NESTED TASK,1.3668,Task
Fulhame,ARM 20.0,2,NESTED MASTER TASK,1.2243,Task
Fulhame,ARM 20.0,2,BRANCH TASK TREE,1.3034,Task
Fulhame,ARM 20.0,2,LEAF TASK TREE,1.2588,Task
hardware_platform,compiler,threads_num,directive_name,overhead,Task
Fulhame,ARM 20.0,32,PARALLEL TASK,20.5044,Task
Fulhame,ARM 20.0,32,MASTER TASK,636.9848,Task
Fulhame,ARM 20.0,32,MASTER TASK BUSY SLAVES,8.1393,Task
Fulhame,ARM 20.0,32,CONDITIONAL TASK,0.3556,Task
Fulhame,ARM 20.0,32,TASK WAIT,1.9545,Task
Fulhame,ARM 20.0,32,TASK BARRIER,48.0367,Task
Fulhame,ARM 20.0,32,NESTED TASK,3.6357,Task
Fulhame,ARM 20.0,32,NESTED MASTER TASK,1.8587,Task
Fulhame,ARM 20.0,32,BRANCH TASK TREE,1.6527,Task
Fulhame,ARM 20.0,32,LEAF TASK TREE,1.6435,Task
hardware_platform,compiler,threads_num,directive_name,overhead,Task
Fulhame,ARM 20.0,4,PARALLEL TASK,0.3166,Task
Fulhame,ARM 20.0,4,MASTER TASK,2.706,Task
Fulhame,ARM 20.0,4,MASTER TASK BUSY SLAVES,0.4324,Task
Fulhame,ARM 20.0,4,CONDITIONAL TASK,0.1845,Task
Fulhame,ARM 20.0,4,TASK WAIT,0.3817,Task
Fulhame,ARM 20.0,4,TASK BARRIER,4.3939,Task
Fulhame,ARM 20.0,4,NESTED TASK,2.263,Task
Fulhame,ARM 20.0,4,NESTED MASTER TASK,1.5931,Task
Fulhame,ARM 20.0,4,BRANCH TASK TREE,1.4003,Task
Fulhame,ARM 20.0,4,LEAF TASK TREE,1.367,Task
hardware_platform,compiler,threads_num,directive_name,overhead,Task
Fulhame,ARM 20.0,64,PARALLEL TASK,47.5072,Task
Fulhame,ARM 20.0,64,MASTER TASK,3905.3702,Task
Fulhame,ARM 20.0,64,MASTER TASK BUSY SLAVES,41.1916,Task
Fulhame,ARM 20.0,64,CONDITIONAL TASK,0.522,Task
Fulhame,ARM 20.0,64,TASK WAIT,3.5558,Task
Fulhame,ARM 20.0,64,TASK BARRIER,218.4629,Task
Fulhame,ARM 20.0,64,NESTED TASK,5.7776,Task
Fulhame,ARM 20.0,64,NESTED MASTER TASK,18.7457,Task
Fulhame,ARM 20.0,64,BRANCH TASK TREE,2.5074,Task
Fulhame,ARM 20.0,64,LEAF TASK TREE,2.4177,Task
hardware_platform,compiler,threads_num,directive_name,overhead,Task
Fulhame,ARM 20.0,8,PARALLEL TASK,0.5248,Task
Fulhame,ARM 20.0,8,MASTER TASK,17.2047,Task
Fulhame,ARM 20.0,8,MASTER TASK BUSY SLAVES,1.527,Task
Fulhame,ARM 20.0,8,CONDITIONAL TASK,0.1928,Task
Fulhame,ARM 20.0,8,TASK WAIT,0.4681,Task
Fulhame,ARM 20.0,8,TASK BARRIER,5.9367,Task
Fulhame,ARM 20.0,8,NESTED TASK,2.8237,Task
Fulhame,ARM 20.0,8,NESTED MASTER TASK,1.5976,Task
Fulhame,ARM 20.0,8,BRANCH TASK TREE,1.4844,Task
Fulhame,ARM 20.0,8,LEAF TASK TREE,1.4708,Task
hardware_platform,compiler,threads_num,directive_name,overhead,Task
Fulhame,GNU 10.1,1,PARALLEL TASK,0.0441,Task
Fulhame,GNU 10.1,1,MASTER TASK,0.0536,Task
Fulhame,GNU 10.1,1,MASTER TASK BUSY SLAVES,0.052,Task
Fulhame,GNU 10.1,1,CONDITIONAL TASK,0.0356,Task
Fulhame,GNU 10.1,1,TASK WAIT,0.2204,Task
Fulhame,GNU 10.1,1,TASK BARRIER,0.7139,Task
Fulhame,GNU 10.1,1,NESTED TASK,0.1275,Task
Fulhame,GNU 10.1,1,NESTED MASTER TASK,0.1094,Task
Fulhame,GNU 10.1,1,BRANCH TASK TREE,0.0517,Task
Fulhame,GNU 10.1,1,LEAF TASK TREE,0.0425,Task
hardware_platform,compiler,threads_num,directive_name,overhead,Task
Fulhame,GNU 10.1,16,PARALLEL TASK,103.6853,Task
Fulhame,GNU 10.1,16,MASTER TASK,144.9583,Task
Fulhame,GNU 10.1,16,MASTER TASK BUSY SLAVES,8.0411,Task
Fulhame,GNU 10.1,16,CONDITIONAL TASK,0.0442,Task
Fulhame,GNU 10.1,16,TASK WAIT,145.1995,Task
Fulhame,GNU 10.1,16,TASK BARRIER,136.3923,Task
Fulhame,GNU 10.1,16,NESTED TASK,51.823,Task
Fulhame,GNU 10.1,16,NESTED MASTER TASK,81.9181,Task
Fulhame,GNU 10.1,16,BRANCH TASK TREE,34.9586,Task
Fulhame,GNU 10.1,16,LEAF TASK TREE,35.2991,Task
hardware_platform,compiler,threads_num,directive_name,overhead,Task
Fulhame,GNU 10.1,2,PARALLEL TASK,0.0668,Task
Fulhame,GNU 10.1,2,MASTER TASK,3.4135,Task
Fulhame,GNU 10.1,2,MASTER TASK BUSY SLAVES,0.367,Task
Fulhame,GNU 10.1,2,CONDITIONAL TASK,0.0418,Task
Fulhame,GNU 10.1,2,TASK WAIT,3.0684,Task
Fulhame,GNU 10.1,2,TASK BARRIER,4.0888,Task
Fulhame,GNU 10.1,2,NESTED TASK,0.2076,Task
Fulhame,GNU 10.1,2,NESTED MASTER TASK,1.5104,Task
Fulhame,GNU 10.1,2,BRANCH TASK TREE,0.3738,Task
Fulhame,GNU 10.1,2,LEAF TASK TREE,0.3238,Task
hardware_platform,compiler,threads_num,directive_name,overhead,Task
Fulhame,GNU 10.1,32,PARALLEL TASK,578.3867,Task
Fulhame,GNU 10.1,32,MASTER TASK,949.1852,Task
Fulhame,GNU 10.1,32,MASTER TASK BUSY SLAVES,25.9452,Task
Fulhame,GNU 10.1,32,CONDITIONAL TASK,0.0491,Task
Fulhame,GNU 10.1,32,TASK WAIT,826.6015,Task
Fulhame,GNU 10.1,32,TASK BARRIER,793.6017,Task
Fulhame,GNU 10.1,32,NESTED TASK,210.7135,Task
Fulhame,GNU 10.1,32,NESTED MASTER TASK,445.9436,Task
Fulhame,GNU 10.1,32,BRANCH TASK TREE,148.0594,Task
Fulhame,GNU 10.1,32,LEAF TASK TREE,156.0868,Task
hardware_platform,compiler,threads_num,directive_name,overhead,Task
Fulhame,GNU 10.1,4,PARALLEL TASK,0.0741,Task
Fulhame,GNU 10.1,4,MASTER TASK,5.909,Task
Fulhame,GNU 10.1,4,MASTER TASK BUSY SLAVES,1.0667,Task
Fulhame,GNU 10.1,4,CONDITIONAL TASK,0.0394,Task
Fulhame,GNU 10.1,4,TASK WAIT,5.4058,Task
Fulhame,GNU 10.1,4,TASK BARRIER,7.4766,Task
Fulhame,GNU 10.1,4,NESTED TASK,4.0471,Task
Fulhame,GNU 10.1,4,NESTED MASTER TASK,6.3949,Task
Fulhame,GNU 10.1,4,BRANCH TASK TREE,2.03,Task
Fulhame,GNU 10.1,4,LEAF TASK TREE,1.8839,Task
hardware_platform,compiler,threads_num,directive_name,overhead,Task
Fulhame,GNU 10.1,64,PARALLEL TASK,2527.5213,Task
Fulhame,GNU 10.1,64,MASTER TASK,7722.1718,Task
Fulhame,GNU 10.1,64,MASTER TASK BUSY SLAVES,117.9915,Task
Fulhame,GNU 10.1,64,CONDITIONAL TASK,0.0355,Task
Fulhame,GNU 10.1,64,TASK WAIT,5974.0053,Task
Fulhame,GNU 10.1,64,TASK BARRIER,6085.8165,Task
Fulhame,GNU 10.1,64,NESTED TASK,1349.3444,Task
Fulhame,GNU 10.1,64,NESTED MASTER TASK,3929.4243,Task
Fulhame,GNU 10.1,64,BRANCH TASK TREE,1133.3208,Task
Fulhame,GNU 10.1,64,LEAF TASK TREE,1121.4932,Task
hardware_platform,compiler,threads_num,directive_name,overhead,Task
Fulhame,GNU 10.1,8,PARALLEL TASK,21.8594,Task
Fulhame,GNU 10.1,8,MASTER TASK,25.3594,Task
Fulhame,GNU 10.1,8,MASTER TASK BUSY SLAVES,2.7622,Task
Fulhame,GNU 10.1,8,CONDITIONAL TASK,0.041,Task
Fulhame,GNU 10.1,8,TASK WAIT,29.4308,Task
Fulhame,GNU 10.1,8,TASK BARRIER,29.1697,Task
Fulhame,GNU 10.1,8,NESTED TASK,17.436,Task
Fulhame,GNU 10.1,8,NESTED MASTER TASK,20.7293,Task
Fulhame,GNU 10.1,8,BRANCH TASK TREE,12.9448,Task
Fulhame,GNU 10.1,8,LEAF TASK TREE,11.8456,Task
hardware_platform,compiler,threads_num,directive_name,overhead,Task
Fulhame,GNU 9.2,1,PARALLEL TASK,0.07,Task
Fulhame,GNU 9.2,1,MASTER TASK,0.0661,Task
Fulhame,GNU 9.2,1,MASTER TASK BUSY SLAVES,0.0667,Task
Fulhame,GNU 9.2,1,CONDITIONAL TASK,0.0646,Task
Fulhame,GNU 9.2,1,TASK WAIT,0.253,Task
Fulhame,GNU 9.2,1,TASK BARRIER,0.7572,Task
Fulhame,GNU 9.2,1,NESTED TASK,0.0979,Task
Fulhame,GNU 9.2,1,NESTED MASTER TASK,0.0974,Task
Fulhame,GNU 9.2,1,BRANCH TASK TREE,0.0543,Task
Fulhame,GNU 9.2,1,LEAF TASK TREE,0.0358,Task
hardware_platform,compiler,threads_num,directive_name,overhead,Task
Fulhame,GNU 9.2,16,PARALLEL TASK,77.1322,Task
Fulhame,GNU 9.2,16,MASTER TASK,107.3991,Task
Fulhame,GNU 9.2,16,MASTER TASK BUSY SLAVES,5.8717,Task
Fulhame,GNU 9.2,16,CONDITIONAL TASK,0.0753,Task
Fulhame,GNU 9.2,16,TASK WAIT,88.6023,Task
Fulhame,GNU 9.2,16,TASK BARRIER,90.3202,Task
Fulhame,GNU 9.2,16,NESTED TASK,41.3121,Task
Fulhame,GNU 9.2,16,NESTED MASTER TASK,51.3144,Task
Fulhame,GNU 9.2,16,BRANCH TASK TREE,26.0357,Task
Fulhame,GNU 9.2,16,LEAF TASK TREE,25.8257,Task
hardware_platform,compiler,threads_num,directive_name,overhead,Task
Fulhame,GNU 9.2,2,PARALLEL TASK,0.0806,Task
Fulhame,GNU 9.2,2,MASTER TASK,3.1301,Task
Fulhame,GNU 9.2,2,MASTER TASK BUSY SLAVES,0.2796,Task
Fulhame,GNU 9.2,2,CONDITIONAL TASK,0.0647,Task
Fulhame,GNU 9.2,2,TASK WAIT,1.2282,Task
Fulhame,GNU 9.2,2,TASK BARRIER,2.098,Task
Fulhame,GNU 9.2,2,NESTED TASK,0.1367,Task
Fulhame,GNU 9.2,2,NESTED MASTER TASK,0.985,Task
Fulhame,GNU 9.2,2,BRANCH TASK TREE,0.2106,Task
Fulhame,GNU 9.2,2,LEAF TASK TREE,0.1795,Task
hardware_platform,compiler,threads_num,directive_name,overhead,Task
Fulhame,GNU 9.2,32,PARALLEL TASK,289.3078,Task
Fulhame,GNU 9.2,32,MASTER TASK,599.3451,Task
Fulhame,GNU 9.2,32,MASTER TASK BUSY SLAVES,16.8004,Task
Fulhame,GNU 9.2,32,CONDITIONAL TASK,0.0908,Task
Fulhame,GNU 9.2,32,TASK WAIT,379.188,Task
Fulhame,GNU 9.2,32,TASK BARRIER,385.1795,Task
Fulhame,GNU 9.2,32,NESTED TASK,120.8809,Task
Fulhame,GNU 9.2,32,NESTED MASTER TASK,215.4738,Task
Fulhame,GNU 9.2,32,BRANCH TASK TREE,80.9994,Task
Fulhame,GNU 9.2,32,LEAF TASK TREE,83.9054,Task
hardware_platform,compiler,threads_num,directive_name,overhead,Task
Fulhame,GNU 9.2,4,PARALLEL TASK,0.155,Task
Fulhame,GNU 9.2,4,MASTER TASK,7.0753,Task
Fulhame,GNU 9.2,4,MASTER TASK BUSY SLAVES,1.3836,Task
Fulhame,GNU 9.2,4,CONDITIONAL TASK,0.0703,Task
Fulhame,GNU 9.2,4,TASK WAIT,8.3651,Task
Fulhame,GNU 9.2,4,TASK BARRIER,10.5987,Task
Fulhame,GNU 9.2,4,NESTED TASK,7.6104,Task
Fulhame,GNU 9.2,4,NESTED MASTER TASK,8.672,Task
Fulhame,GNU 9.2,4,BRANCH TASK TREE,4.3827,Task
Fulhame,GNU 9.2,4,LEAF TASK TREE,4.3896,Task
hardware_platform,compiler,threads_num,directive_name,overhead,Task
Fulhame,GNU 9.2,64,PARALLEL TASK,1340.95,Task
Fulhame,GNU 9.2,64,MASTER TASK,3760.3111,Task
Fulhame,GNU 9.2,64,MASTER TASK BUSY SLAVES,53.3701,Task
Fulhame,GNU 9.2,64,CONDITIONAL TASK,0.1065,Task
Fulhame,GNU 9.2,64,TASK WAIT,1649.0262,Task
Fulhame,GNU 9.2,64,TASK BARRIER,1739.8817,Task
Fulhame,GNU 9.2,64,NESTED TASK,561.9844,Task
Fulhame,GNU 9.2,64,NESTED MASTER TASK,1084.1566,Task
Fulhame,GNU 9.2,64,BRANCH TASK TREE,453.8308,Task
Fulhame,GNU 9.2,64,LEAF TASK TREE,448.3028,Task
hardware_platform,compiler,threads_num,directive_name,overhead,Task
Fulhame,GNU 9.2,8,PARALLEL TASK,24.4352,Task
Fulhame,GNU 9.2,8,MASTER TASK,26.0228,Task
Fulhame,GNU 9.2,8,MASTER TASK BUSY SLAVES,2.7901,Task
Fulhame,GNU 9.2,8,CONDITIONAL TASK,0.0807,Task
Fulhame,GNU 9.2,8,TASK WAIT,30.1574,Task
Fulhame,GNU 9.2,8,TASK BARRIER,30.2652,Task
Fulhame,GNU 9.2,8,NESTED TASK,21.0041,Task
Fulhame,GNU 9.2,8,NESTED MASTER TASK,22.5249,Task
Fulhame,GNU 9.2,8,BRANCH TASK TREE,15.8567,Task
Fulhame,GNU 9.2,8,LEAF TASK TREE,14.5947,Task
